{
  "images" : [
    {
      "size" : "29x29",
      "idiom" : "iphone",
      "filename" : "29x29@2x.png",
      "scale" : "2x"
    },
    {
      "size" : "29x29",
      "idiom" : "iphone",
      "filename" : "29x29@3x.png",
      "scale" : "3x"
    },
    {
      "size" : "60x45",
      "idiom" : "iphone",
      "filename" : "60x45@2x.png",
      "scale" : "2x"
    },
    {
      "size" : "60x45",
      "idiom" : "iphone",
      "filename" : "60x45@3x.png",
      "scale" : "3x"
    },
    {
      "size" : "29x29",
      "idiom" : "ipad",
      "filename" : "29x29@2x-1.png",
      "scale" : "2x"
    },
    {
      "size" : "67x50",
      "idiom" : "ipad",
      "filename" : "67x50@2x.png",
      "scale" : "2x"
    },
    {
      "size" : "74x55",
      "idiom" : "ipad",
      "filename" : "74x55@2x.png",
      "scale" : "2x"
    },
    {
      "size" : "1024x1024",
      "idiom" : "ios-marketing",
      "filename" : "1024x1024.png",
      "scale" : "1x"
    },
    {
      "size" : "27x20",
      "idiom" : "universal",
      "filename" : "27x20@2x.png",
      "scale" : "2x",
      "platform" : "ios"
    },
    {
      "size" : "27x20",
      "idiom" : "universal",
      "filename" : "27x20@3x.png",
      "scale" : "3x",
      "platform" : "ios"
    },
    {
      "size" : "32x24",
      "idiom" : "universal",
      "filename" : "32x24@2x.png",
      "scale" : "2x",
      "platform" : "ios"
    },
    {
      "size" : "32x24",
      "idiom" : "universal",
      "filename" : "32x24@3x.png",
      "scale" : "3x",
      "platform" : "ios"
    },
    {
      "size" : "1024x768",
      "idiom" : "ios-marketing",
      "filename" : "1024x768.png",
      "scale" : "1x",
      "platform" : "ios"
    }
  ],
  "info" : {
    "version" : 1,
    "author" : "xcode"
  }
}